nombre_departamento,nombre_provincia,Cabecera,Municipios,poblacion_2010
Departamento Antártida Argentina,"Tierra del Fuego, Antártida e Islas del Atlántico Sur",Sin asignar,0,190
Departamento Deseado,Santa Cruz,Puerto Deseado,4 (+ 5 CF),107630
Departamento Malargüe,Mendoza,Malargüe,5 distritos,28887
Departamento Lago Argentino,Santa Cruz,El Calafate,1 (+ 2 CF),18864
Departamento Río Chico,Santa Cruz,Gobernador Gregores,1 (+ 2 CF),5158
Departamento Güer Aike,Santa Cruz,Río Gallegos,3,113267
Departamento San Rafael,Mendoza,San Rafael,18 distritos,191323
Departamento Lago Buenos Aires,Santa Cruz,Perito Moreno,2,8750
Departamento Antofagasta de la Sierra,Catamarca,Antofagasta de la Sierra,1,1436
Departamento Veinticinco de Mayo,Río Negro,Maquinchao,3 (+5 CF),15743
Departamento Corpen Aike,Santa Cruz,Puerto Santa Cruz,2,11093
Departamento Rivadavia,Salta,"","",30357
Departamento Los Andes,Salta,"","",6050
Departamento Nueve de Julio,Río Negro,Sierra Colorada,1 (+6 CF),3475
Departamento General Güemes,Chaco,"","",67601
Departamento Patiño,Formosa,Comandante Fontana,8 (+ 2 CF + 7 JV),68581
Departamento Tinogasta,Catamarca,Tinogasta,2,22360
Departamento Calingasta,San Juan,Tamberías,-,8588
Departamento El Cuy,Río Negro,El Cuy,0 (+6 CF),5280
Departamento Río Senguer,Chubut,Alto Río Senguer,2 (+4 CR),5979
Departamento Paso de Indios,Chubut,Paso de Indios,1 (+1 CR),1867
Departamento Anta,Salta,"","",57411
Departamento Vera,Santa Fe,Vera (Santa Fe),"",51125
Departamento Valcheta,Río Negro,Valcheta,1 (+5 CF),7101
Departamento Avellaneda,Río Negro,Choele Choel,7 (+1 CF),35323
Departamento Telsen,Chubut,Telsen,0 (+2 CR),1644
Departamento Magallanes,Santa Cruz,Puerto San Julián,1,9202
Departamento Iglesia,San Juan,Rodeo,-,9099
Departamento Gobernador Dupuy,San Luis,Buena Esperanza,"",11532
Departamento Río Cuarto,Córdoba,Ciudad de Río Cuarto,29,246393
Departamento Almirante Brown,Chaco,"","",33856
Departamento Islas del Atlántico Sur,"Tierra del Fuego, Antártida e Islas del Atlántico Sur","Sin asignar
(de facto Puerto Argentino)",0,17
Departamento 9 de Julio,Santa Fe,Tostado,"",29810
Departamento Gastre,Chubut,Gastre,0 (+2 CR),1427
Departamento General José de San Martín,Salta,"","",156910
Departamento Cushamen,Chubut,Leleque,6 (+1 CR),20919
Departamento Moreno,Santiago del Estero,-,"",32130
Departamento Florentino Ameghino,Chubut,Camarones,1,1627
Departamento Mártires,Chubut,Las Plumas,0 (+1 CR),778
Departamento Languiñeo,Chubut,Tecka,1 (+4 CR),3085
Departamento General Pedernera,San Luis,Villa Mercedes,"",125470
Departamento San Cristóbal,Santa Fe,San Cristóbal (Santa Fe),"",66623
Departamento Tehuelches,Chubut,José de San Martín,3,5390
Departamento Jáchal,San Juan,San José de Jáchal,-,21730
Departamento General Roca,Río Negro,General Roca,14 (+1 CF),320921
Departamento Sarmiento,Chubut,Sarmiento,1 (+1 CR),11396
Departamento General Alvear,Mendoza,General Alvear,4 distritos,46156
Departamento Pichi Mahuida,Río Negro,Río Colorado,1,14107
Departamento Escalante,Chubut,Comodoro Rivadavia,2,186583
Departamento San Antonio,Río Negro,San Antonio Oeste,2,29284
Departamento San Justo,Córdoba,San Francisco,38,206307
Departamento Capital,La Rioja,La Rioja,"",180995
Partido de Patagones,Buenos Aires,Carmen de Patagones,-,30207
Departamento Alberdi,Santiago del Estero,-,"",17252
Departamento Puelén,La Pampa,25 de Mayo,2 (+ 1 EC)[9]​,9468
Departamento Curacó,La Pampa,Puelches,1,1040
Departamento Juan Martín de Pueyrredón,San Luis,San Luis,"",204512
Departamento Utracán,La Pampa,General Acha,3 (+ 1 CF),14839
Departamento Belén,Catamarca,Belén,9,27843
Departamento Biedma,Chubut,Puerto Madryn,2,82883
Departamento Bermejo,Formosa,Laguna Yema,1 (+ 2 CF + 1 JV)[10]​,14046
Departamento General Roca,Córdoba,Villa Huidobro,13,35645
Departamento Copo,Santiago del Estero,-,"",31404
Departamento Lihuel Calel,La Pampa,Cuchillo-Có,0 (+ 1 CF),439
Departamento Río Grande,"Tierra del Fuego, Antártida e Islas del Atlántico Sur",Sin asignar(de facto Río Grande),1,70042
Departamento Añelo,Neuquén,Añelo,2 (+1 CF),10786
Departamento Orán,Salta,"","",138838
Departamento San Carlos,Mendoza,San Carlos,6 distritos,32683
Departamento General López,Santa Fe,Melincué,"",195043
Partido de Villarino,Buenos Aires,Médanos,-,31014
Departamento Tolhuin,"Tierra del Fuego, Antártida e Islas del Atlántico Sur",Tolhuin,1,12000
Departamento Unión,Córdoba,Bell Ville,27,105727
Departamento Gaiman,Chubut,Gaiman,3 (+1 CR),11141
Departamento General Obligado,Santa Fe,Reconquista (Santa Fe),"",178711
Departamento Pilcaniyeu,Río Negro,Pilcaniyeu,2 (+5 CF),7428
Departamento Vinchina*,La Rioja,Villa San José de Vinchina,"",2731
Departamento Lavalle,Mendoza,Villa Tulumaya,20 distritos,35895
Departamento Tulumba,Córdoba,Villa Tulumba,9,12673
Departamento Limay Mahuida,La Pampa,Limay Mahuida,0 (+ 2 CF),503
Departamento Conesa,Río Negro,General Conesa,1,7069
Departamento Ayacucho,San Luis,San Francisco del Monte de Oro,"",18927
Departamento Mercedes,Corrientes,"","",40667
Departamento Marcos Juárez,Córdoba,Marcos Juárez,27,104205
Departamento Futaleufú,Chubut,Esquel,3 (+1 CR),43076
Departamento Ushuaia,"Tierra del Fuego, Antártida e Islas del Atlántico Sur",Sin asignar(de facto Ushuaia),1,56956
Departamento Loventué,La Pampa,Victorica,3 (+ 1 CF),8619
Departamento de Susques,Jujuy,Susques,"",3791
Departamento General Felipe Varela,La Rioja,Villa Unión,"",9648
Departamento Chical Co,La Pampa,Algarrobo del Águila,1 (+ 1 CF),1502
Departamento Juan Felipe Ibarra,Santiago del Estero,-,"",18051
Departamento Caleu Caleu,La Pampa,La Adela,1,2313
Departamento Las Heras,Mendoza,Las Heras,15 distritos,203507
Departamento Chalileo,La Pampa,Santa Isabel,1,2985
Departamento Curuzú Cuatiá,Corrientes,"",Curuzú Cuatiá,44071
Departamento Juárez Celman,Córdoba,La Carlota,17,61078
Departamento Adolfo Alsina,Río Negro,Viedma,1 (+2 CF),57678
Departamento Ituzaingó,Corrientes,"","",31102
Departamento Santa Rosa,Mendoza,Santa Rosa,5 distritos,16099
Departamento Pirané,Formosa,Pirané,5,64566
Departamento Ñorquincó,Río Negro,Ñorquincó,0 (+4 CF),1736
Departamento Pehuenches,Neuquén,Buta Ranquil,3 (+1 CF),24087
Departamento Presidente Roque Sáenz Peña,Córdoba,Laboulaye,10,36282
Departamento La Paz,Catamarca,Recreo,2,22638
Departamento de Cochinoca,Jujuy,Abra Pampa,"",12656
Departamento Libertador General San Martín,Chaco,"","",59418
Partido de Olavarría,Buenos Aires,Olavarría,-,111708
Departamento Caucete,San Juan,Caucete,-,38343
Departamento Santo Tomé,Corrientes,"","",61643
Departamento Pellegrini,Santiago del Estero,-,"",20514
Partido de General Villegas,Buenos Aires,General Villegas,-,30865
Departamento Confluencia,Neuquén,Neuquén,8 (+1 CF),362673
Departamento Gualeguay,Entre Ríos,Gualeguay,"",51883
Departamento Independencia,La Rioja,Patquía,"",2427
Departamento La Paz,Mendoza,La Paz,6 distritos,9867
Departamento Gualeguaychú,Entre Ríos,"",Gualeguaychú,109461
Departamento San Javier,Santa Fe,San Javier (Santa Fe),"",30668
Departamento Victoria,Entre Ríos,"","",35767
Departamento Río Seco,Córdoba,Villa de María,12,13242
Departamento Villaguay,Entre Ríos,"","",48965
Departamento Río Primero,Córdoba,Santa Rosa de Río Primero,25,46675
Partido de Ayacucho,Buenos Aires,Ayacucho,-,20337
Departamento Figueroa,Santiago del Estero,-,"",17820
Departamento Cruz del Eje,Córdoba,Cruz del Eje,17,58759
Departamento Belgrano,San Luis,Villa General Roca,"",3945
Partido de Azul,Buenos Aires,Azul,-,65280
Departamento Castellanos,Santa Fe,Rafaela (Santa Fe),"",181381
Departamento La Paz,Entre Ríos,"","",66903
Departamento Choya,Santiago del Estero,-,"",34667
Departamento Las Colonias,Santa Fe,Esperanza (Santa Fe),"",106761
Departamento Valle Fértil,San Juan,San Agustín,-,7222
Departamento Rinconada,Jujuy,Rinconada (Jujuy),"",2488
Departamento San Martín,Corrientes,"","",13222
Partido de Puan,Buenos Aires,Puan,-,15743
Departamento Famatina,La Rioja,Famatina,"",5863
Departamento Ojo de Agua,Santiago del Estero,-,"",14008
Departamento Formosa,Formosa,Formosa,4 (+ 4 JV),234354
Departamento General Lamadrid*,La Rioja,Villa Castelli,"",1734
Departamento Rosario Vera Peñaloza,La Rioja,Chepes,"",14054
Departamento Minas,Neuquén,Andacollo,4 (+5 CF),7234
Departamento Hucal,La Pampa,Bernasconi,4,7540
Departamento General Taboada,Santiago del Estero,-,"",38105
Departamento Tapenagá,Chaco,"","",4102
Partido de Coronel Suárez,Buenos Aires,Coronel Suárez,-,38320
Departamento Picunches,Neuquén,Las Lajas,2 (+2 CF),7022
Partido de Adolfo Alsina,Buenos Aires,Carhué,-,17072
Partido de Tres Arroyos,Buenos Aires,Tres Arroyos,-,57110
Departamento Uruguay,Entre Ríos,"","",100728
Partido de Coronel Dorrego,Buenos Aires,Coronel Dorrego,-,15825
Partido de Lincoln,Buenos Aires,Lincoln,-,41808
Departamento Collón Curá,Neuquén,Piedra del Águila,1 (+1 CF),4532
Departamento Santa María,Catamarca,Santa María,2,22548
Departamento San Justo,Santa Fe,San Justo (Santa Fe),"",40735
Departamento Chamical,La Rioja,Chamical,"",14160
Departamento Ñorquín,Neuquén,El Huecú,4,4692
Departamento Loncopué,Neuquén,Loncopué,1 (+1 CF),6925
Partido de Trenque Lauquen,Buenos Aires,Trenque Lauquen,-,43021
Departamento Bariloche,Río Negro,San Carlos de Bariloche,2 (+2 CF),133500
Departamento Catán Lil,Neuquén,Las Coloradas,1 (+1 CF),2155
Departamento Rosario de la Frontera,Salta,"","",28993
Departamento Zapala,Neuquén,Zapala,2 (+3 CF),36549
Departamento Pilcomayo,Formosa,Clorinda,4 (+ 1 CF + 3 JV),85024
Partido de Benito Juárez,Buenos Aires,Benito Juárez,-,20239
Partido de Coronel Pringles,Buenos Aires,Coronel Pringles,-,22933
Departamento Metán,Salta,"","",40351
Departamento Tercero Arriba,Córdoba,Oliva,17,109554
Departamento San Carlos,Salta,"","",7016
Departamento Ischilín,Córdoba,Deán Funes,9,31312
Departamento Rosario de Lerma,Salta,"","",38702
Departamento Toay,La Pampa,Toay,1,12409
Departamento Federal,Entre Ríos,"","",25863
Departamento Conhelo,La Pampa,Eduardo Castex,5 (+ 1 CF),14077
Departamento General San Martín*,La Rioja,Ulapes,"",4944
Partido de Bolívar,Buenos Aires,Bolívar,-,34190
Departamento Concepción,Corrientes,"","",20845
Departamento General San Martín,Córdoba,Villa María,15,127454
Departamento Lácar,Neuquén,San Martín de los Andes,1,29748
Departamento Paraná,Entre Ríos,"","",339930
Departamento Río Segundo,Córdoba,Villa del Rosario,21,103718
Partido de Tandil,Buenos Aires,Tandil,-,123871
Departamento Rancul,La Pampa,Parera,4 (+ 1 CF),10668
Departamento San Martín,Santa Fe,Sastre y Ortiz,"",63640
Departamento Luján de Cuyo,Mendoza,Luján de Cuyo,14 distritos,124418
Departamento Chilecito,La Rioja,Chilecito,"",49432
Partido de Guaminí,Buenos Aires,Guaminí,-,11826
Departamento Jiménez,Santiago del Estero,-,"",14352
Partido de General La Madrid,Buenos Aires,General La Madrid,-,10783
Partido de Veinticinco de Mayo,Buenos Aires,Veinticinco de Mayo,-,35842
Partido de Necochea,Buenos Aires,Necochea,-,92933
Partido de Lobería,Buenos Aires,Lobería,-,17523
Departamento Aluminé,Neuquén,Aluminé,2,8306
Departamento Paso de los Libres,Corrientes,"","",47782
Departamento Goya,Corrientes,"","",87872
Departamento Calamuchita,Córdoba,San Agustín,23,54730
Departamento Picún Leufú,Neuquén,Picún Leufú,1 (+2 CF),4578
Departamento Pomán,Catamarca,Saujil,3,10776
Departamento Chos Malal,Neuquén,Chos Malal,2 (+2 CF)[11]​,15256
Partido de Pehuajó,Buenos Aires,Pehuajó,-,39776
Departamento Veinticinco de Mayo,San Juan,Santa Rosa,-,17119
Departamento Islas del Ibicuy,Entre Ríos,"","",12077
Departamento Andalgalá,Catamarca,Andalgalá,2,18132
Departamento Coronel Pringles,San Luis,La Toma,"",13082
Departamento Santa Bárbara,Jujuy,Santa Clara,"",17730
Departamento La Poma,Salta,"","",1738
Departamento Matacos,Formosa,Ingeniero Juárez,1,14375
Departamento Ullum,San Juan,Villa Ibáñez,-,4886
Partido de Rauch,Buenos Aires,Rauch,-,15176
Departamento Capayán,Catamarca,Huillapima,2,16085
Partido de Nueve de Julio,Buenos Aires,Nueve de Julio,-,47722
Departamento San Jerónimo,Santa Fe,Coronda,"",80155
Departamento Nogoyá,Entre Ríos,"","",39026
Departamento Los Lagos,Neuquén,Villa La Angostura,2,11998
Partido de Tornquist,Buenos Aires,Tornquist,-,12723
Partido de Tapalqué,Buenos Aires,Tapalqué,-,9178
Partido de Balcarce,Buenos Aires,Balcarce,-,43823
Departamento Huiliches,Neuquén,Junín de los Andes,1,14725
Departamento Garay,Santa Fe,Helvecia,"",20889
Partido de Rivadavia,Buenos Aires,América,-,17143
Partido de Carlos Tejedor,Buenos Aires,Carlos Tejedor,-,11570
Departamento Rawson,Chubut,Rawson,2,131313
Departamento Santa Victoria,Salta,"","",10344
Departamento Avellaneda,Santiago del Estero,-,"",20763
Partido de Adolfo Gonzales Chaves,Buenos Aires,Adolfo Gonzales Chaves,-,12047
Partido de Daireaux,Buenos Aires,Daireaux,-,16889
Departamento Ramón Lista,Formosa,General Mosconi,1 (+ 1 JV),13754
Departamento de Humahuaca,Jujuy,Humahuaca,"",17366
Departamento Federación,Entre Ríos,"","",68736
Departamento Minas,Córdoba,San Carlos Minas,08,4727
Departamento Esquina,Corrientes,"","",30747
Departamento Mayor Luis Jorge Fontana,Chaco,"","",56066
Departamento Aguirre,Santiago del Estero,-,"",7610
Departamento Mitre,Santiago del Estero,-,"",1890
Departamento Burruyacú,Tucumán,Burruyacú,1 (+10 CR)[12]​,36951
Departamento Molinos,Salta,"","",5652
Departamento Banda,Santiago del Estero,-,"",142279
Departamento Atreucó,La Pampa,Macachín,5,10153
Departamento Salavina,Santiago del Estero,-,"",11217
Departamento Guatraché,La Pampa,Guatraché,4 (+ 1 CF),8831
Departamento Iruya,Salta,"","",5987
Departamento Quebrachos,Santiago del Estero,-,"",10568
Partido de Saavedra,Buenos Aires,Pigüé,-,20749
Partido de Pila,Buenos Aires,Pila,-,3640
Departamento San Fernando,Chaco,"","",386391
Departamento Laishí,Formosa,San Francisco de Laishí,4 (+ 2 JV),17063
Partido de Laprida,Buenos Aires,Laprida,-,10210
Departamento Caseros,Santa Fe,Casilda,"",79491
Departamento de Tumbaya,Jujuy,Tumbaya,"",4658
Partido de General Alvear,Buenos Aires,General Alvear,-,11130
Departamento Santa María,Córdoba,Alta Gracia,25,98188
Departamento San Pedro,Misiones,"","",31051
Departamento Rivadavia,Santiago del Estero,-,"",5015
Partido de Las Flores,Buenos Aires,Las Flores,-,23871
Departamento Loreto,Santiago del Estero,-,"",20036
Departamento San Alberto,Córdoba,Villa Cura Brochero,13,37004
Departamento Tunuyán,Mendoza,Tunuyán,12 distritos,49132
Departamento Guaraní,Misiones,"","",67897
Departamento Belgrano,Santiago del Estero,-,"",9243
Departamento Sobremonte,Córdoba,San Francisco del Chañar,04,4591
Departamento General Manuel Belgrano,Misiones,"","",42902
Departamento Concordia,Entre Ríos,"","",170033
Departamento Ledesma,Jujuy,Libertador General San Martín,"",81790
Departamento Constitución,Santa Fe,Villa Constitución,"",85483
Departamento Pocho,Córdoba,Salsacate,07,5380
Departamento Iriondo,Santa Fe,Cañada de Gómez,"",66702
Departamento Totoral,Córdoba,Villa del Totoral,10,18556
Departamento Feliciano,Entre Ríos,"","",15079
Partido de Chascomús,Buenos Aires,Chascomús,-,42277
Partido de Mar Chiquita,Buenos Aires,Coronel Vidal,-,21279
Departamento General Ángel V. Peñaloza*,La Rioja,Tama,-,3073
Departamento La Capital,Santa Fe,Santa Fe (Santa Fe),"",521759
Departamento Pilagás,Formosa,El Espinillo,2 (+ 2 CF + 2 JV),18399
Departamento Libertador General San Martín,San Luis,San Martín,"",4668
Partido de San Cayetano,Buenos Aires,San Cayetano,-,8399
Partido de General Madariaga,Buenos Aires,General Juan Madariaga,-,19747
Departamento de Santa Catalina,Jujuy,Santa Catalina,-,2800
Partido de Pergamino,Buenos Aires,Pergamino,-,104590
Departamento de Yavi,Jujuy,La Quiaca,"",20806
Departamento Cachi,Salta,"","",7315
Departamento Colón,Entre Ríos,"","",62160
Departamento San Miguel,Corrientes,"","",10715
Departamento Trancas,Tucumán,Trancas,1 (+4 CR),17371
Departamento Maipú,Chaco,"","",25262
Departamento Guachipas,Salta,"","",3187
Departamento Sarmiento,San Juan,Media Agua,-,22131
Departamento Diamante,Entre Ríos,"","",46361
Departamento Iguazú,Misiones,"","",82227
Departamento Tafí del Valle,Tucumán,Tafí del Valle,1 (+3 CR),14933
Partido de Saladillo,Buenos Aires,Saladillo,-,32103
Departamento Tala,Entre Ríos,"","",26665
Departamento Chacabuco,San Luis,Concarán,"",20644
Partido de General Lavalle,Buenos Aires,[ General Lavalle,-,3700
Partido de Maipú,Buenos Aires,Maipú,-,10188
Departamento Punilla,Córdoba,Cosquín,26,178401
Departamento Colón,Córdoba,Jesús María,20,225151
Departamento Guasayán,Santiago del Estero,-,"",7602
Departamento General Juan Facundo Quiroga*,La Rioja,Malanzán,"",4108
Departamento 12 de Octubre,Chaco,"","",22225
Departamento Chapaleufú,La Pampa,Intendente Alvear,5 (+ 1 CF),11620
Departamento Bermejo,Chaco,"","",24329
Departamento Quemú Quemú,La Pampa,Quemú Quemú,4 (+ 1 CF),8663
Departamento General Belgrano,La Rioja,Olta,"",7370
Departamento Maracó,La Pampa,General Pico,2 (+ 1 CF),59024
Departamento Catriló,La Pampa,Catriló,3,7293
Departamento Capital,La Pampa,Santa Rosa,2,105312
Partido de General Pinto,Buenos Aires,General Pinto,-,11261
Partido de Carlos Casares,Buenos Aires,Carlos Casares,-,22237
Departamento Tupungato,Mendoza,Tupungato,13 distritos,32865
Departamento Junín,San Luis,Santa Rosa del Conlara,"",28808
Departamento Realicó,La Pampa,Realicó,4 (+ 3 CF),16227
Departamento Ancasti,Catamarca,Ancasti,1,2917
Departamento Belgrano,Santa Fe,Las Rosas (Santa Fe),"",44048
Departamento San Luis del Palmar,Corrientes,"","",17812
Departamento General Güemes,Salta,"","",47226
Departamento 25 de Mayo,Chaco,"","",29315
Departamento Zonda,San Juan,Villa Basilio Nievas,-,4863
Partido de General Guido,Buenos Aires,General Guido,-,2816
Departamento El Alto,Catamarca,El Alto,2,3570
Partido de Bahía Blanca,Buenos Aires,Bahía Blanca,-,301572
Departamento Monte Caseros,Corrientes,"","",35922
Departamento Presidencia de la Plaza,Chaco,"","",12419
Partido de Chacabuco,Buenos Aires,Chacabuco,-,48703
Partido de Junín,Buenos Aires,Junín,-,90305
Departamento Atamisqui,Santiago del Estero,-,"",10923
Departamento San Roque,Corrientes,"","",18223
Partido de Bragado,Buenos Aires,Bragado,-,41336
Departamento Fray Justo Santa María de Oro,Chaco,"","",11799
Departamento La Viña,Salta,"","",7435
Departamento San Pedro,Jujuy,San Pedro de Jujuy,"",75037
Partido de General Viamonte,Buenos Aires,Los Toldos,-,18078
Departamento Rivadavia,Mendoza,Rivadavia,13 distritos,56269
Departamento San Lorenzo,Chaco,"","",14722
Departamento General Ocampo*,La Rioja,Villa Santa Rita de Catuna,"",7145
Departamento Río Hondo,Santiago del Estero,-,"",54867
Departamento Capital,Santiago del Estero,-,"",267125
Partido de Castelli,Buenos Aires,Castelli,-,8205
Departamento San Martín,Santiago del Estero,-,"",9831
Departamento 9 de Julio,Chaco,"","",30153
Partido de Chivilcoy,Buenos Aires,Chivilcoy,-,64185
Partido de Rojas,Buenos Aires,Rojas,-,23432
Departamento Leales,Tucumán,Bella Vista,1 (+12 CR),54949
Departamento Arauco,La Rioja,Aimogasta,"",15418
Departamento Ambato,Catamarca,La Puerta,4,4463
Partido de Dolores,Buenos Aires,Dolores,-,27042
Departamento Eldorado,Misiones,"","",78221
Departamento General Paz,Corrientes,"","",14403
Departamento Trenel,La Pampa,Trenel,3,5426
Departamento General Alvear,Corrientes,"","",8001
Departamento Empedrado,Corrientes,"","",15011
Departamento Doctor Manuel Belgrano,Jujuy,San Salvador de Jujuy (también capital de la provincia),"",265409
Departamento Saladas,Corrientes,"","",22128
Departamento Rosario,Santa Fe,Rosario (Argentina),"",1198528
Partido de Monte,Buenos Aires,Monte,-,21034
Departamento Independencia,Chaco,"","",22479
Partido de General Belgrano,Buenos Aires,General Belgrano,-,17365
Departamento San Lorenzo,Santa Fe,San Lorenzo (Santa Fe),"",159184
Departamento Primero de Mayo,Chaco,"","",10375
Departamento Angaco,San Juan,Villa del Salvador,-,8125
Departamento de Tilcara,Jujuy,Tilcara,"",12359
Partido de Florentino Ameghino,Buenos Aires,Florentino Ameghino,-,8869
Partido de Pellegrini,Buenos Aires,Pellegrini,-,5887
Partido de Magdalena,Buenos Aires,Magdalena,-,19301
Departamento Sauce,Corrientes,"","",9273
Partido de Lobos,Buenos Aires,Lobos,-,36172
Departamento Montecarlo,Misiones,"","",36745
Departamento Capital,Salta,"","",536113
Departamento Sanagasta,La Rioja,Villa Sanagasta,"",2345
Departamento Bella Vista,Corrientes,"","",37212
Departamento Graneros,Tucumán,Graneros,1 (+3 CR),13551
Partido de Hipólito Yrigoyen,Buenos Aires,Henderson,-,9585
Departamento San Javier,Córdoba,Villa Dolores,11,53520
Departamento Sargento Cabral,Chaco,"","",15727
Departamento 25 de Mayo,Misiones,"","",27754
Partido de Navarro,Buenos Aires,Navarro,-,17054
Partido de Salto,Buenos Aires,Salto,-,32653
Departamento Oberá,Misiones,"","",107501
Partido de Punta Indio,Buenos Aires,Verónica,-,9888
Departamento Cainguás,Misiones,"","",53403
Departamento San Ignacio,Misiones,"","",57728
Partido de Leandro N. Alem,Buenos Aires,Vedia,-,16799
Partido de Roque Pérez,Buenos Aires,Roque Pérez,-,12513
Partido de General Alvarado,Buenos Aires,Miramar,-,39594
Departamento Dos de Abril,Chaco,"","",7455
Departamento San Blas de los Sauces*,La Rioja,San Blas,"",3927
Departamento O'Higgins,Chaco,"","",20078
Departamento Cafayate,Salta,"","",14850
Departamento Sarmiento,Santiago del Estero,-,"",4607
Departamento Quitilipi,Chaco,"","",34117
Departamento La Candelaria,Salta,"","",5704
Departamento Libertador General San Martín,Misiones,"","",46561
Partido de General Arenales,Buenos Aires,General Arenales,-,14903
Partido de Baradero,Buenos Aires,Baradero,-,32761
Departamento San Martín,Mendoza,San Martín,15 distritos,118561
Departamento Comandante Fernández,Chaco,"","",97311
Departamento General Donovan,Chaco,"","",13665
Departamento Lavalle,Corrientes,"","",28601
Partido de General Pueyrredón,Buenos Aires,Mar del Plata,-,618989
Departamento Santa Rosa,Catamarca,Bañado de Ovanta,2,12034
Departamento Robles,Santiago del Estero,-,"",44415
Departamento Castro Barros*,La Rioja,Aminga,"",4268
Departamento Chacabuco,Chaco,"","",30564
Partido de Tordillo,Buenos Aires,General Conesa,-,1764
Partido de San Pedro,Buenos Aires,San Pedro,-,59036
Partido de Coronel Rosales,Buenos Aires,Punta Alta,-,62152
Departamento San Salvador,Entre Ríos,"","",17357
Partido de Tres Lomas,Buenos Aires,Tres Lomas,-,8700
Departamento Chicligasta,Tucumán,Concepción,1 (+7 CR),80735
Departamento Simoca,Tucumán,Simoca,1 (+8 CR),30876
Departamento Cruz Alta,Tucumán,Banda del Río Salí,2 (+13 CR),180499
Departamento General Belgrano,Chaco,"","",12090
Departamento Tafí Viejo,Tucumán,Tafí Viejo,2 (+4 CR),121638
Partido de Cañuelas,Buenos Aires,Cañuelas,-,51892
Partido de Zárate,Buenos Aires,Zárate,-,114269
Partido de General Paz,Buenos Aires,Ranchos,-,11202
Departamento Leandro N. Alem,Misiones,Leandro N. Alem,-,45075
Partido de Arrecifes,Buenos Aires,Arrecifes,-,29044
Departamento Silípica,Santiago del Estero,-,"",7712
Departamento Monteros,Tucumán,Monteros,1 (+13 CR),63641
Partido de San Andrés de Giles,Buenos Aires,San Andrés de Giles,-,23027
Partido de Alberti,Buenos Aires,Alberti,-,10654
Partido de Brandsen,Buenos Aires,Brandsen,-,26367
Partido de Lezama,Buenos Aires,Lezama,"",
Departamento Libertad,Chaco,"","",11947
Partido de Carmen de Areco,Buenos Aires,Carmen de Areco,-,14692
Departamento Apóstoles,Misiones,"","",42249
Partido de Mercedes,Buenos Aires,Mercedes,-,63284
Partido de Ramallo,Buenos Aires,Ramallo,-,33042
Partido de Colón,Buenos Aires,Colón,-,24890
Departamento Paclín,Catamarca,La Merced,1,4185
Departamento Capital,Misiones,"","",324756
Departamento de Valle Grande,Jujuy,Valle Grande,"",2451
Departamento Mburucuyá,Corrientes,"","",9283
Partido de Campana,Buenos Aires,Campana,-,94461
Departamento Albardón,San Juan,General San Martín,-,23888
Partido de Suipacha,Buenos Aires,Suipacha,-,10081
Partido de La Plata,Buenos Aires,La Plata,-,654324
Partido de San Fernando,Buenos Aires,San Fernando,-,163240
Departamento La Cocha,Tucumán,La Cocha,1 (+6 CR),19002
Departamento El Carmen,Jujuy,El Carmen,"",97039
Departamento Chicoana,Salta,"","",20710
Departamento Candelaria,Misiones,"","",27040
Departamento Itatí,Corrientes,"","",9141
Departamento La Caldera,Salta,"","",7763
Partido de San Antonio de Areco,Buenos Aires,San Antonio de Areco,-,23138
Departamento Berón de Astrada,Corrientes,"","",2434
Partido de Luján,Buenos Aires,Luján,-,106273
Partido de Salliqueló,Buenos Aires,Salliqueló,-,8644
Partido de General Las Heras,Buenos Aires,General Las Heras,-,14889
Departamento Juan Bautista Alberdi,Tucumán,Juan Bautista Alberdi,1 (+3 CR),30237
Departamento Concepción,Misiones,"","",9577
Departamento San Antonio,Jujuy,San Antonio,"",4466
Departamento Capital,Catamarca,San Fernando del Valle de Catamarca,1,159703
Partido de San Nicolás,Buenos Aires,San Nicolás de los Arroyos,-,145857
Partido de San Vicente,Buenos Aires,San Vicente,-,59478
Partido de Exaltación de la Cruz,Buenos Aires,Capilla del Señor,-,29805
Departamento Cerrillos,Salta,"","",35789
Departamento Maipú,Mendoza,Maipú,12 distritos,172861
Departamento San Cosme,Corrientes,"","",14155
Departamento Río Chico,Tucumán,Aguilares,1 (+5 CR),56847
Departamento Capital,Córdoba,Córdoba,3,1329604
Departamento Lules,Tucumán,Lules,1 (+3 CR),68474
Departamento Valle Viejo,Catamarca,San Isidro,1,27242
Departamento San Javier,Misiones,"","",20906
Partido de Capitán Sarmiento,Buenos Aires,Capitán Sarmiento,-,14494
Departamento Pocito,San Juan,Aberastain,-,53162
Departamento Capital,Corrientes,"","",356314
Partido de Marcos Paz,Buenos Aires,Marcos Paz,-,54181
Departamento Palpalá,Jujuy,Palpalá,"",52631
Departamento San Martín,San Juan,San Martín,-,11115
Departamento Famaillá,Tucumán,Famaillá,1,34542
Partido de Tigre,Buenos Aires,Tigre,-,376381
Partido de General Rodríguez,Buenos Aires,General Rodríguez,-,87185
Partido del Pilar,Buenos Aires,Pilar,-,299077
Partido de La Matanza,Buenos Aires,San Justo,-,1775816
Departamento Rawson,San Juan,Villa Krause,-,114368
Partido de Villa Gesell,Buenos Aires,Villa Gesell,-,31730
Departamento Fray Mamerto Esquiú,Catamarca,San José,1,11896
Partido de Escobar,Buenos Aires,Belén de Escobar,-,213619
Departamento Junín,Mendoza,Junín (Mendoza),10 distritos,37807
Partido de La Costa,Buenos Aires,Mar del Tuyú,-,69933
Partido de Ezeiza,Buenos Aires,Ezeiza,-,163722
Partido de Berazategui,Buenos Aires,Berazategui,-,324244
Partido de Monte Hermoso,Buenos Aires,Monte Hermoso,-,6499
Partido de Florencio Varela,Buenos Aires,San Juan Bautista (ex Florencio Varela),-,426005
Partido de Moreno,Buenos Aires,Moreno,-,452505
Departamento Nueve de Julio,San Juan,9 de Julio,-,9307
Departamento Rivadavia,San Juan,Rivadavia,-,82641
Partido de Merlo,Buenos Aires,Merlo,-,528494
Departamento Guaymallén,Mendoza,Villa Nueva (Mendoza),20 distritos,280880
Departamento Yerba Buena,Tucumán,Yerba Buena,1 (+2 CR),75076
Partido de Berisso,Buenos Aires,Berisso,-,88470
Partido de Almirante Brown,Buenos Aires,Adrogué,-,552902
Partido de Quilmes,Buenos Aires,Quilmes,-,582943
Partido de Presidente Perón,Buenos Aires,Guernica,-,81141
Partido de Esteban Echeverría,Buenos Aires,Monte Grande,-,300959
Partido de Ensenada,Buenos Aires,Ensenada,-,56729
Departamento Capital,Tucumán,San Miguel de Tucumán,1,548866
Partido de Lomas de Zamora,Buenos Aires,Lomas de Zamora,-,616279
Partido de San Miguel,Buenos Aires,San Miguel,-,276190
Departamento Godoy Cruz,Mendoza,Godoy Cruz,5 distritos,189578
Partido de Malvinas Argentinas,Buenos Aires,Los Polvorines,-,322375
Partido de Pinamar,Buenos Aires,Pinamar,-,25728
Departamento Chimbas,San Juan,Villa Paula A. de Sarmiento,-,87258
Partido de General San Martín,Buenos Aires,San Martín,-,414196
Partido de Morón,Buenos Aires,Morón,-,321109
Partido de Avellaneda,Buenos Aires,Avellaneda,-,342677
Departamento Capital,Mendoza,Ciudad de Mendoza,12 distritos,114822
Partido de José C. Paz,Buenos Aires,José C. Paz,-,265981
Partido de San Isidro,Buenos Aires,San Isidro,-,292878
Partido de Lanús,Buenos Aires,Lanús,-,459263
Departamento Santa Lucía,San Juan,Santa Lucía,-,48087
Partido de Tres de Febrero,Buenos Aires,Caseros,-,340071
Partido de Ituzaingó,Buenos Aires,Ituzaingó,-,167824
Partido de Hurlingham,Buenos Aires,Hurlingham,-,181241
Partido de Vicente López,Buenos Aires,Olivos (de facto),-,269420
Departamento Capital,San Juan,San Juan,-,109123
